{"cameraMode":{"drawMode":0,"name":"Shaded","section":"Shading Mode"},"sceneLighting":true,"audioPlay":false,"sceneViewState":{"m_AlwaysRefresh":false,"showFog":true,"showSkybox":true,"showFlares":true,"showImageEffects":true,"showParticleSystems":true,"showVisualEffectGraphs":true,"m_FxEnabled":true},"in2DMode":false,"pivot":{"x":3.619485855102539,"y":-0.9118642807006836,"z":-5.712568759918213},"rotation":{"x":0.021056855097413064,"y":0.9693138003349304,"z":-0.22799091041088105,"w":0.08952797949314118},"size":5.7549357414245609,"orthographic":false}